INSERT INTO doctors (doc_id, firstname, lastname) VALUES (1001, 'Jan', 'Itor');
INSERT INTO doctors (doc_id, firstname, lastname) VALUES (1002, 'Bob', 'Ross');
INSERT INTO doctors (doc_id, firstname, lastname) VALUES (1003, 'Amy', 'Apples');
INSERT INTO doctors (doc_id, firstname, lastname) VALUES (1004, 'Rob', 'Benme');
INSERT INTO doctors (doc_id, firstname, lastname) VALUES (1005, 'Will', 'Tickel');
INSERT INTO doctors (doc_id, firstname, lastname) VALUES (1006, 'Pete', 'Atchoof');

INSERT INTO patients (id, firstname, lastname, doc_id, dob, email, gender, lastvisit, phone, ethnicity) VALUES (1001, 'Ralph', 'Mittens', 1001, '2000-01-01', 'ralph@email.com', 'Male', '2021-01-01', '123-456-7890', 'American Indian or Alaska Native');
INSERT INTO patients (id, firstname, lastname, doc_id, dob, email, gender, lastvisit, phone, ethnicity) VALUES (1002, 'Andrea', 'Dreande', 1005, '2004-01-01', 'andrea@email.com', 'Female', '2020-01-04', '464-346-7348', 'White');
INSERT INTO patients (id, firstname, lastname, doc_id, dob, email, gender, lastvisit, phone, ethnicity) VALUES (1003, 'Bobby', 'Tables', 1001, '1990-01-01', 'bobby@email.com', 'Male', '2021-03-01', '169-456-7285', 'Black or African American');
INSERT INTO patients (id, firstname, lastname, doc_id, dob, email, gender, lastvisit, phone, ethnicity) VALUES (1004, 'Johnny', 'Kingfish', 1005, '1944-01-01', 'johnny@email.com', 'Male', '2022-12-01', '698-448-2485', 'White');
INSERT INTO patients (id, firstname, lastname, doc_id, dob, email, gender, lastvisit, phone, ethnicity) VALUES (1005, 'Martine', 'Rubio', 1001, '2008-01-01', 'martine@email.com', 'Male', '2019-01-30', '354-468-5466', 'American Indian or Alaska Native');
INSERT INTO patients (id, firstname, lastname, doc_id, dob, email, gender, lastvisit, phone, ethnicity) VALUES (1006, 'Jamie', 'Justice', 1006, '2010-01-01', 'jamie@email.com', 'Female', '2019-05-01', '747-747-5465', 'Black or African American');
INSERT INTO patients (id, firstname, lastname, doc_id, dob, email, gender, lastvisit, phone, ethnicity) VALUES (1007, 'Lacey', 'Carr', 1004, '2000-01-01', 'lacey@email.com', 'Female', '2020-01-06', '848-766-4818', 'Asian');
INSERT INTO patients (id, firstname, lastname, doc_id, dob, email, gender, lastvisit, phone, ethnicity) VALUES (1008, 'Kourtney', 'Marin', 1006, '2010-01-01', 'kourtney@email.com', 'Female', '2005-12-01', '349-655-8885', 'White');
INSERT INTO patients (id, firstname, lastname, doc_id, dob, email, gender, lastvisit, phone, ethnicity) VALUES (1009, 'Deacon', 'Wu', 1005, '2004-01-01', 'deacon@email.com', 'Male', '2021-02-14', '336-781-3112', 'Native Hawaiian or Other Pacific Islander');
INSERT INTO patients (id, firstname, lastname, doc_id, dob, email, gender, lastvisit, phone, ethnicity) VALUES (10010, 'Ayda', 'Derrick', 1001, '2004-01-01', 'ayda@email.com', 'Female', '2012-02-07', '989-643-4175', 'Native Hawaiian or Other Pacific Islander');
INSERT INTO patients (id, firstname, lastname, doc_id, dob, email, gender, lastvisit, phone, ethnicity) VALUES (10012, 'Louie', 'Cantu', 1005, '2019-01-01', 'louie@email.com', 'Male', '2020-04-01', '316-541-8856', 'Black or African American');
INSERT INTO patients (id, firstname, lastname, doc_id, dob, email, gender, lastvisit, phone, ethnicity) VALUES (10013, 'Benedict', 'Parrish', 1003, '2012-01-01', 'benedict@email.com', 'Male', '2021-03-01', '747-888-5312', 'Asian');
INSERT INTO patients (id, firstname, lastname, doc_id, dob, email, gender, lastvisit, phone, ethnicity) VALUES (10014, 'Viktor', 'Holt', 1001, '2000-01-01', 'viktor@email.com', 'Male', '2002-01-03', '318-442-2351', 'American Indian or Alaska Native');
INSERT INTO patients (id, firstname, lastname, doc_id, dob, email, gender, lastvisit, phone, ethnicity) VALUES (10015, 'Jackson', 'Hickman', 1002, '2001-01-01', 'jackson@email.com', 'Male', '2020-10-01', '936-458-4513', 'White');

INSERT INTO visitnotes (visit_id, description, visitdate, reason, patient_id) VALUES (1001, 'Lorem ipsum dolor sit amet, consectetur adipisicing elit. At aut ipsum maiores provident, repellendus sed voluptatum? Harum ipsa qui reprehenderit?', '2001-01-01', 'Abdominal Pain of Absolutely No Significance', 1001);
INSERT INTO visitnotes (visit_id, description, visitdate, reason, patient_id) VALUES (1002, 'Lorem ipsum dolor sit amet, consectetur adipisicing elit. At aut ipsum maiores provident, repellendus sed voluptatum? Harum ipsa qui reprehenderit?', '2001-01-01', 'Biscuit Poisoning', 1003);
INSERT INTO visitnotes (visit_id, description, visitdate, reason, patient_id) VALUES (1003, 'Lorem ipsum dolor sit amet, consectetur adipisicing elit. At aut ipsum maiores provident, repellendus sed voluptatum? Harum ipsa qui reprehenderit?', '2001-01-01', 'Dizziness of No Possible Cause', 1003);
INSERT INTO visitnotes (visit_id, description, visitdate, reason, patient_id) VALUES (1004, 'Lorem ipsum dolor sit amet, consectetur adipisicing elit. At aut ipsum maiores provident, repellendus sed voluptatum? Harum ipsa qui reprehenderit?', '2001-01-01', 'Drunkacidal', 1002);
INSERT INTO visitnotes (visit_id, description, visitdate, reason, patient_id) VALUES (1005, 'Lorem ipsum dolor sit amet, consectetur adipisicing elit. At aut ipsum maiores provident, repellendus sed voluptatum? Harum ipsa qui reprehenderit?', '2001-01-01', 'Fakasia', 10013);
INSERT INTO visitnotes (visit_id, description, visitdate, reason, patient_id) VALUES (1006, 'Lorem ipsum dolor sit amet, consectetur adipisicing elit. At aut ipsum maiores provident, repellendus sed voluptatum? Harum ipsa qui reprehenderit?', '2001-01-01', 'Failure to Thrive in Adulthood', 1003);

INSERT INTO visitnotes (visit_id, description, visitdate, reason, patient_id) VALUES (1007, 'Lorem ipsum dolor sit amet, consectetur adipisicing elit. Aliquam aspernatur aut consequatur consequuntur corporis dolorem dolores eos ex illo impedit, ipsam itaque iure quidem ratione repellendus sunt tempore voluptas voluptate. Animi dolorem, ducimus ipsa iure perferendis quos tempore tenetur. Atque consequatur culpa dolor et ex explicabo fugiat, fugit impedit iste itaque iusto maiores, molestiae odit, perspiciatis placeat possimus provident quae quia reprehenderit sequi tempore tenetur vitae! Alias, aliquid corporis distinctio excepturi in mollitia, natus necessitatibus, nobis officia quas qui quia sapiente voluptates! A alias aliquam blanditiis deleniti ducimus, ea enim eum fuga fugiat hic iste, labore maiores maxime nemo nobis numquam officiis pariatur placeat quaerat quidem quis, quod quos reiciendis repudiandae rerum saepe tempora tempore. Facere iure maxime mollitia odit omnis? Asperiores doloremque eius error, et eveniet, fuga modi necessitatibus nemo non numquam officiis perferendis perspiciatis quae quisquam temporibus. Alias aut, consequuntur distinctio facilis nesciunt officiis quis. Architecto commodi consequuntur doloremque excepturi hic odio, soluta! Accusantium ad aliquam aliquid aperiam assumenda consectetur consequatur dignissimos dolore, doloribus dolorum enim excepturi fugiat harum ipsum mollitia nisi officia quam quas quasi qui quisquam repellat rerum sequi soluta sunt temporibus voluptatibus. Dolores fugiat neque quia repellendus totam voluptas voluptate. A ad aperiam at autem, consequatur culpa earum enim error eum explicabo fugiat id illum ipsa, libero maiores minima minus molestias mollitia, necessitatibus neque nobis obcaecati odit officiis optio possimus provident qui quisquam quos reprehenderit repudiandae saepe sapiente tempore temporibus totam velit veniam voluptate? Ad assumenda atque, cumque deserunt doloribus ducimus enim est excepturi facere incidunt laudantium maiores molestiae natus nihil nobis numquam odit officiis, optio perferendis provident quisquam ratione rem sint unde ut veniam voluptatem. Accusamus corporis dicta ducimus id inventore laborum laudantium nobis quam quia vitae! Ad autem error incidunt magnam numquam quos. Aspernatur blanditiis corporis deserunt doloremque dolorum exercitationem id, ipsum molestiae quia quibusdam recusandae sequi ullam vero voluptate voluptates. Atque distinctio dolore error illum iste iure nemo, nostrum omnis pariatur placeat possimus quos, reprehenderit repudiandae saepe sint tempore temporibus vel voluptate? Aperiam assumenda at commodi cumque dolorem doloremque, ducimus eaque error eveniet fuga harum ipsam ipsum laboriosam magnam minima modi mollitia non, odio officia omnis pariatur perferendis possimus quaerat quasi quia quisquam quo, quod sapiente sint sunt suscipit veritatis voluptate voluptatibus. A accusantium adipisci aliquam assumenda at, aut consequatur cupiditate delectus dignissimos distinctio dolore dolores eius error ex exercitationem expedita id, ipsam laudantium maiores maxime nam nesciunt nostrum obcaecati porro possimus quas qui quidem quod sed soluta tempora tempore temporibus vel. Ab adipisci aperiam at atque aut cum deleniti dicta error eveniet ipsa laudantium maiores nesciunt nostrum optio perspiciatis placeat porro quaerat quam quia quidem quod quos saepe tempore temporibus tenetur vel, voluptate. Aliquam asperiores iure optio. Maiores necessitatibus quidem quisquam tenetur. Accusantium aliquam assumenda aut autem blanditiis consequuntur dolor, eos eum expedita facilis harum illo illum inventore iste iusto labore laboriosam, laudantium magni molestiae nam nesciunt nobis odit pariatur quia quis quos rerum tempore temporibus totam ullam unde veritatis vero vitae! Ad consequatur illo in labore laborum officiis ratione ut.', '2001-01-01', 'Examination After Rejection from a Nursing Home', 1007);
INSERT INTO visitnotes (visit_id, description, visitdate, reason, patient_id) VALUES (1008, 'Lorem ipsum dolor sit amet, consectetur adipisicing elit. Aliquam aspernatur aut consequatur consequuntur corporis dolorem dolores eos ex illo impedit, ipsam itaque iure quidem ratione repellendus sunt tempore voluptas voluptate. Animi dolorem, ducimus ipsa iure perferendis quos tempore tenetur. Atque consequatur culpa dolor et ex explicabo fugiat, fugit impedit iste itaque iusto maiores, molestiae odit, perspiciatis placeat possimus provident quae quia reprehenderit sequi tempore tenetur vitae! Alias, aliquid corporis distinctio excepturi in mollitia, natus necessitatibus, nobis officia quas qui quia sapiente voluptates! A alias aliquam blanditiis deleniti ducimus, ea enim eum fuga fugiat hic iste, labore maiores maxime nemo nobis numquam officiis pariatur placeat quaerat quidem quis, quod quos reiciendis repudiandae rerum saepe tempora tempore. Facere iure maxime mollitia odit omnis? Asperiores doloremque eius error, et eveniet, fuga modi necessitatibus nemo non numquam officiis perferendis perspiciatis quae quisquam temporibus. Alias aut, consequuntur distinctio facilis nesciunt officiis quis. Architecto commodi consequuntur doloremque excepturi hic odio, soluta! Accusantium ad aliquam aliquid aperiam assumenda consectetur consequatur dignissimos dolore, doloribus dolorum enim excepturi fugiat harum ipsum mollitia nisi officia quam quas quasi qui quisquam repellat rerum sequi soluta sunt temporibus voluptatibus. Dolores fugiat neque quia repellendus totam voluptas voluptate. A ad aperiam at autem, consequatur culpa earum enim error eum explicabo fugiat id illum ipsa, libero maiores minima minus molestias mollitia, necessitatibus neque nobis obcaecati odit officiis optio possimus provident qui quisquam quos reprehenderit repudiandae saepe sapiente tempore temporibus totam velit veniam voluptate? Ad assumenda atque, cumque deserunt doloribus ducimus enim est excepturi facere incidunt laudantium maiores molestiae natus nihil nobis numquam odit officiis, optio perferendis provident quisquam ratione rem sint unde ut veniam voluptatem. Accusamus corporis dicta ducimus id inventore laborum laudantium nobis quam quia vitae! Ad autem error incidunt magnam numquam quos. Aspernatur blanditiis corporis deserunt doloremque dolorum exercitationem id, ipsum molestiae quia quibusdam recusandae sequi ullam vero voluptate voluptates. Atque distinctio dolore error illum iste iure nemo, nostrum omnis pariatur placeat possimus quos, reprehenderit repudiandae saepe sint tempore temporibus vel voluptate? Aperiam assumenda at commodi cumque dolorem doloremque, ducimus eaque error eveniet fuga harum ipsam ipsum laboriosam magnam minima modi mollitia non, odio officia omnis pariatur perferendis possimus quaerat quasi quia quisquam quo, quod sapiente sint sunt suscipit veritatis voluptate voluptatibus. A accusantium adipisci aliquam assumenda at, aut consequatur cupiditate delectus dignissimos distinctio dolore dolores eius error ex exercitationem expedita id, ipsam laudantium maiores maxime nam nesciunt nostrum obcaecati porro possimus quas qui quidem quod sed soluta tempora tempore temporibus vel. Ab adipisci aperiam at atque aut cum deleniti dicta error eveniet ipsa laudantium maiores nesciunt nostrum optio perspiciatis placeat porro quaerat quam quia quidem quod quos saepe tempore temporibus tenetur vel, voluptate. Aliquam asperiores iure optio. Maiores necessitatibus quidem quisquam tenetur. Accusantium aliquam assumenda aut autem blanditiis consequuntur dolor, eos eum expedita facilis harum illo illum inventore iste iusto labore laboriosam, laudantium magni molestiae nam nesciunt nobis odit pariatur quia quis quos rerum tempore temporibus totam ullam unde veritatis vero vitae! Ad consequatur illo in labore laborum officiis ratione ut.', '2001-01-01', 'Vitamin IQ deficiency', 1003);
INSERT INTO visitnotes (visit_id, description, visitdate, reason, patient_id) VALUES (1009, 'Lorem ipsum dolor sit amet, consectetur adipisicing elit. Aliquam aspernatur aut consequatur consequuntur corporis dolorem dolores eos ex illo impedit, ipsam itaque iure quidem ratione repellendus sunt tempore voluptas voluptate. Animi dolorem, ducimus ipsa iure perferendis quos tempore tenetur. Atque consequatur culpa dolor et ex explicabo fugiat, fugit impedit iste itaque iusto maiores, molestiae odit, perspiciatis placeat possimus provident quae quia reprehenderit sequi tempore tenetur vitae! Alias, aliquid corporis distinctio excepturi in mollitia, natus necessitatibus, nobis officia quas qui quia sapiente voluptates! A alias aliquam blanditiis deleniti ducimus, ea enim eum fuga fugiat hic iste, labore maiores maxime nemo nobis numquam officiis pariatur placeat quaerat quidem quis, quod quos reiciendis repudiandae rerum saepe tempora tempore. Facere iure maxime mollitia odit omnis? Asperiores doloremque eius error, et eveniet, fuga modi necessitatibus nemo non numquam officiis perferendis perspiciatis quae quisquam temporibus. Alias aut, consequuntur distinctio facilis nesciunt officiis quis. Architecto commodi consequuntur doloremque excepturi hic odio, soluta! Accusantium ad aliquam aliquid aperiam assumenda consectetur consequatur dignissimos dolore, doloribus dolorum enim excepturi fugiat harum ipsum mollitia nisi officia quam quas quasi qui quisquam repellat rerum sequi soluta sunt temporibus voluptatibus. Dolores fugiat neque quia repellendus totam voluptas voluptate. A ad aperiam at autem, consequatur culpa earum enim error eum explicabo fugiat id illum ipsa, libero maiores minima minus molestias mollitia, necessitatibus neque nobis obcaecati odit officiis optio possimus provident qui quisquam quos reprehenderit repudiandae saepe sapiente tempore temporibus totam velit veniam voluptate? Ad assumenda atque, cumque deserunt doloribus ducimus enim est excepturi facere incidunt laudantium maiores molestiae natus nihil nobis numquam odit officiis, optio perferendis provident quisquam ratione rem sint unde ut veniam voluptatem. Accusamus corporis dicta ducimus id inventore laborum laudantium nobis quam quia vitae! Ad autem error incidunt magnam numquam quos. Aspernatur blanditiis corporis deserunt doloremque dolorum exercitationem id, ipsum molestiae quia quibusdam recusandae sequi ullam vero voluptate voluptates. Atque distinctio dolore error illum iste iure nemo, nostrum omnis pariatur placeat possimus quos, reprehenderit repudiandae saepe sint tempore temporibus vel voluptate? Aperiam assumenda at commodi cumque dolorem doloremque, ducimus eaque error eveniet fuga harum ipsam ipsum laboriosam magnam minima modi mollitia non, odio officia omnis pariatur perferendis possimus quaerat quasi quia quisquam quo, quod sapiente sint sunt suscipit veritatis voluptate voluptatibus. A accusantium adipisci aliquam assumenda at, aut consequatur cupiditate delectus dignissimos distinctio dolore dolores eius error ex exercitationem expedita id, ipsam laudantium maiores maxime nam nesciunt nostrum obcaecati porro possimus quas qui quidem quod sed soluta tempora tempore temporibus vel. Ab adipisci aperiam at atque aut cum deleniti dicta error eveniet ipsa laudantium maiores nesciunt nostrum optio perspiciatis placeat porro quaerat quam quia quidem quod quos saepe tempore temporibus tenetur vel, voluptate. Aliquam asperiores iure optio. Maiores necessitatibus quidem quisquam tenetur. Accusantium aliquam assumenda aut autem blanditiis consequuntur dolor, eos eum expedita facilis harum illo illum inventore iste iusto labore laboriosam, laudantium magni molestiae nam nesciunt nobis odit pariatur quia quis quos rerum tempore temporibus totam ullam unde veritatis vero vitae! Ad consequatur illo in labore laborum officiis ratione ut.', '2001-01-01', 'Toxic Sock Syndrome', 1003);
